type,bool > 0.5,max index,diff max and 1,slope to min,max val,slope to max,min index,diff 1,diff 2,diff 3,diff 4,diff 5,entry #
Type A,1,0,0.0,-0.0081584957264957264,0.99818099999999998,0,117,-0.62150099999999997,0.25127900000000003,-0.58432200000000001,,,0
Type A,1,19,0.027901000000000065,-0.015789355932203392,0.92835900000000005,0.0014684736842105297,78,-0.903671,0.29675000000000001,,,,1
Type B,1,53,0.36889499999999997,0.006960283018867924,0.69227799999999995,0.006960283018867924,0,0.30578000000000005,-0.17517200000000005,0.068066000000000015,,,2
Type A,1,5,0.0033959999999999546,-0.01432728205128205,1.0021169999999999,0.00067919999999999092,83,-1.1141319999999999,0.37747799999999998,,,,3
Type B,1,57,0.44497000000000003,-0.014503842105263157,0.90811900000000001,0.0078064912280701761,114,0.44497000000000003,-0.82671899999999998,,,,4
Type A,1,0,0.0,-0.0078114471544715449,0.97165199999999996,0,123,-0.92509799999999998,,,,,5
Type B,1,70,0.85905799999999999,-0.016465,0.96428000000000003,0.012272257142857143,124,0.85905799999999999,-0.88911000000000007,,,,6
Type A,1,19,0.0096319999999999739,-0.0083125619047619056,0.88027,0.00050694736842105126,124,-0.59443299999999999,-0.26875399999999999,,,,7
Type A,1,23,0.065389999999999948,-0.015677215686274511,0.90262699999999996,0.0028430434782608675,74,0.060235000000000039,-0.79438300000000006,,,,8
Type A,1,1,0.00021300000000001873,-0.0047289010989010997,0.85206400000000004,0.00021300000000001873,92,-0.32428299999999999,0.086643999999999943,-0.081960999999999951,-0.10138900000000001,0.077116999999999936,9
Type A,1,0,0.0,-0.0086439333333333326,0.722333,0,75,-0.60510700000000006,,,,,10
Type A,1,1,0.00046800000000002395,-0.0037439024390243901,0.81543399999999999,0.00046800000000002395,124,-0.11210100000000001,-0.047818999999999945,-0.21562400000000004,,,11
Type A,1,21,0.038567999999999936,-0.0098651686746987939,0.91469199999999995,0.0018365714285714255,104,-0.78024099999999996,0.075944000000000011,,,,12
Type B,1,108,0.77593999999999996,0.011197112499999998,0.99467099999999997,0.0071846296296296294,28,-0.119829,0.89576899999999993,-0.21955199999999997,,,13
Type A,1,5,0.0068019999999999747,-0.015914203124999998,0.94089199999999995,0.0013603999999999949,69,-1.0117069999999999,0.25590499999999999,,,,14
Type A,1,2,0.0088309999999999222,-0.0058904210526315778,0.61500699999999997,0.0044154999999999611,97,-0.529331,0.094701000000000007,,,,15
Type A,1,0,0.0,-0.014607146341463415,0.63393100000000002,0,41,-0.59761500000000001,0.20474199999999998,-0.15267700000000001,,,16
Type B,1,71,0.86343000000000003,0.01590169090909091,0.97004500000000005,0.012160985915492958,16,0.86343000000000003,-0.67222300000000001,,,,17
Type B,1,61,0.37876399999999999,-0.010664269841269843,0.74928899999999998,0.0062092459016393443,124,-0.059443999999999997,-0.061669000000000002,0.49987700000000002,-0.67184900000000003,,18
Type A,1,0,0.0,-0.015453555555555557,0.94831500000000002,0,45,-0.69541000000000008,0.67819300000000005,-0.59102299999999997,,,19
Type A,1,0,0.0,-0.011124928571428574,0.70464800000000005,0,56,-0.097471000000000085,-0.52552500000000002,0.16768,-0.082297000000000009,,20
Type A,1,8,0.0013009999999999966,-0.0086472142857142859,1.021957,0.00016262499999999958,120,-0.90009899999999998,0.058760000000000007,-0.124518,,,21
Type A,1,0,0.0,-0.0042932149532710273,0.60526599999999997,0,107,-0.41696899999999998,0.20749699999999999,-0.24990199999999999,0.24030500000000002,,22
Type A,1,4,0.0015000000000000568,-0.0092939809523809522,0.98634900000000003,0.00037500000000001421,109,-0.90976400000000002,-0.064603999999999995,,,,23
Type A,1,0,0.0,-0.0085820099009900983,0.95443,0,101,-0.86678299999999997,0.154415,,,,24
Type A,1,0,0.0,-0.0073052113821138213,0.96968500000000002,0,123,-0.11170199999999997,-0.78006200000000003,,,,25
Type A,1,0,0.0,-0.0044686370967741938,0.69122099999999997,0,124,-0.36700499999999997,-0.11329600000000001,-0.073809999999999987,,,26
Type A,1,0,0.0,-0.018644777777777777,0.97155800000000003,0,54,-1.006818,0.053922999999999999,0.40482499999999999,,,27
Type A,1,12,0.0056320000000000814,-0.010392621052631579,1.030008,0.0004693333333333401,107,-0.97616199999999997,,,,,28
Type A,1,0,0.0,-0.0080113508771929836,0.94955800000000001,0,114,-0.904555,-0.0064740000000000006,,,,29
Neither,0,0,0.0,-0.0015119787234042553,0.16906299999999999,0,94,-0.13277,,,,,30
Type B,1,50,0.28395400000000004,-0.0094608108108108109,0.90989100000000001,0.0056790800000000004,124,0.28395400000000004,-0.70009999999999994,,,,31
Type A,1,51,0.0045199999999999685,-0.012473671232876713,0.96137499999999998,8.8627450980391544e-05,124,-0.90605800000000003,,,,,32
Type A,1,6,0.0020940000000000403,-0.0084129491525423723,1.017226,0.00034900000000000669,124,-0.98210799999999998,0.059717000000000006,-0.068242999999999998,,,33
Type A,1,35,0.052635000000000098,-0.020948567567567567,0.80869500000000005,0.0015038571428571458,72,0.052635000000000098,-0.77509700000000004,0.315193,,,34
Type A,1,0,0.0,-0.0058490403225806452,0.87170499999999995,0,124,-0.71573299999999995,-0.0095480000000000009,,,,35
Type A,1,8,0.0095020000000000104,-0.0072339895833333336,0.796593,0.0011877500000000013,104,-0.63518200000000002,,,,,36
Type A,1,18,0.020447999999999911,-0.0077395943396226406,0.99116499999999996,0.0011359999999999951,124,-0.40511300000000006,0.36189499999999997,-0.75673099999999993,,,37
Neither,0,45,0.15910200000000002,-0.0081132647058823528,0.32655200000000001,0.0035356000000000003,79,0.070539000000000018,0.088563000000000003,-0.27585100000000001,0.24638700000000002,,38
Neither,0,112,0.04207099999999997,0.0054478656716417904,0.40091599999999999,0.0003756339285714283,45,-0.322936,0.36500699999999997,-0.057076999999999989,,,39
Neither,0,0,0.0,-0.0073456229508196726,0.446627,0,61,-0.44808300000000001,0.12934500000000002,,,,40
Neither,0,54,0.15365499999999999,-0.0058004545454545453,0.36815999999999999,0.0028454629629629628,98,0.13248500000000002,-0.22844900000000001,0.079496999999999998,,,41
Neither,1,0,0.0,-0.012287916666666667,0.56894100000000003,0,36,-0.44236500000000001,0.23580300000000001,,,,42
Neither,0,32,0.095753000000000005,-0.0023262608695652177,0.17302000000000001,0.0029922812500000001,78,0.093852999999999992,-0.097268999999999994,0.097078999999999999,,,43
Neither,0,76,0.23483999999999999,-0.0058884651162790696,0.24667,0.0030899999999999999,119,0.23483999999999999,-0.25320399999999998,,,,44
Neither,1,0,0.0,-0.0090809375000000005,0.52573800000000004,0,48,-0.43588500000000002,0.18502799999999997,-0.029447999999999974,-0.053038000000000002,,45
Neither,0,0,0.0,-0.0048672000000000003,0.36039500000000002,0,65,-0.23880400000000002,-0.077564000000000008,0.074654999999999999,-0.061987999999999994,,46
Neither,0,86,0.32920500000000003,0.0069629836065573771,0.47287600000000002,0.0038279651162790702,25,-0.095536999999999983,0.079478999999999994,0.34526299999999999,-0.20967600000000003,0.11622500000000002,47
Neither,0,0,0.0,-0.0048672000000000003,0.36039500000000002,0,65,-0.23880400000000002,-0.077564000000000008,0.074654999999999999,-0.061987999999999994,,48
Neither,0,0,0.0,-0.0054552769230769233,0.39861999999999997,0,65,-0.24109599999999998,-0.113497,0.074321999999999999,-0.063442999999999999,,49
Neither,0,0,0.0,-0.0063118857142857145,0.24043500000000001,0,35,-0.220916,0.19406699999999999,-0.12872699999999998,,,50
Neither,0,0,0.0,-0.0054964096385542172,0.460289,0,83,-0.08297199999999999,-0.090803999999999996,-0.28242600000000001,0.200654,,51
Neither,0,0,0.0,-0.0019080085470085466,0.32702399999999998,0,117,-0.205042,0.17258300000000004,-0.190778,,,52
Neither,0,1,0.00031799999999998496,-0.0041122857142857142,0.39721299999999998,0.00031799999999998496,106,-0.24837799999999999,-0.18309400000000001,,,,53
Neither,0,93,0.19519,0.0077730000000000004,0.270509,0.0020988172043010754,62,0.19492000000000001,-0.195851,,,,54
Neither,0,68,0.10269699999999998,-0.0096040697674418599,0.39070199999999999,0.0015102499999999997,111,-0.19839200000000001,0.301089,-0.41297499999999998,0.051963000000000002,,55
Neither,0,68,0.10269699999999998,-0.0096040697674418599,0.39070199999999999,0.0015102499999999997,111,-0.19839200000000001,0.301089,-0.41297499999999998,0.051963000000000002,,56
Neither,0,68,0.10811199999999999,-0.009438046511627907,0.396117,0.0015898823529411762,111,-0.19839200000000001,0.306504,-0.40583599999999997,,,57
Neither,0,68,0.10269699999999998,-0.0096040697674418599,0.39070199999999999,0.0015102499999999997,111,-0.19839200000000001,0.301089,-0.41297499999999998,0.051963000000000002,,58
Neither,0,124,0.10830099999999998,0.0020966777777777774,0.27456199999999997,0.00087339516129032247,34,0.038449000000000011,0.06985199999999997,,,,59
Neither,0,46,0.093700000000000006,0.0029799142857142857,0.23236000000000001,0.0020369565217391306,11,0.092586000000000002,,,,,60
Neither,0,73,0.16749299999999998,0.0074063870967741923,0.34526299999999999,0.0022944246575342464,42,-0.057944000000000009,0.225437,-0.206479,0.05010400000000001,,61
Neither,0,116,0.24685000000000001,0.0039238604651162792,0.36194500000000002,0.0021280172413793105,30,-0.086259000000000002,0.16753899999999999,-0.064283000000000007,0.22985300000000003,,62
Neither,0,114,0.28889300000000001,0.0045177976190476192,0.40398800000000001,0.0025341491228070175,30,-0.086259000000000002,0.16753899999999999,0.20761300000000002,,,63
Neither,0,114,0.28889300000000001,0.0045177976190476192,0.40398800000000001,0.0025341491228070175,30,-0.086259000000000002,0.16753899999999999,0.20761300000000002,,,64
Neither,0,114,0.28889300000000001,0.0045177976190476192,0.40398800000000001,0.0025341491228070175,30,-0.086259000000000002,0.16753899999999999,0.20761300000000002,,,65
Neither,0,114,0.28889300000000001,0.0045177976190476192,0.40398800000000001,0.0025341491228070175,30,-0.086259000000000002,0.16753899999999999,0.20761300000000002,,,66
Neither,0,114,0.28889300000000001,0.0045177976190476192,0.40398800000000001,0.0025341491228070175,30,-0.086259000000000002,0.16753899999999999,0.20761300000000002,,,67
Neither,0,114,0.28889300000000001,0.0045177976190476192,0.40398800000000001,0.0025341491228070175,30,-0.086259000000000002,0.16753899999999999,0.20761300000000002,,,68
Neither,0,79,0.13004099999999999,0.0016460886075949366,0.151005,0.0016460886075949366,0,0.10315000000000001,-0.028230000000000005,,,,69
Neither,0,120,0.20238500000000004,0.0031617613636363636,0.29811700000000002,0.0016865416666666669,32,-0.075850000000000001,0.23752699999999999,,,,70
Neither,0,0,0.0,-0.0027322288135593221,0.34671099999999999,0,118,-0.30002899999999999,0.257357,-0.27973100000000001,,,71
Neither,0,0,0.0,-0.0027322288135593221,0.34671099999999999,0,118,-0.30002899999999999,0.257357,-0.27973100000000001,,,72
Neither,0,108,0.078461999999999976,0.0033256153846153848,0.372116,0.00072649999999999982,30,-0.18093600000000004,0.105862,0.15353600000000001,-0.172592,,73
Neither,0,0,0.0,-0.0025050806451612905,0.32261800000000002,0,124,-0.22337000000000001,0.087607999999999991,-0.174868,,,74
Neither,0,64,0.078181,-0.0057129772727272732,0.22403600000000001,0.001221578125,108,0.078181,-0.25137100000000001,,,,75
Type B,1,63,0.040630999999999973,-0.0161385,0.827816,0.00064493650793650745,115,-0.20967000000000002,0.250301,-0.839202,,,76
Neither,1,124,0.67154100000000005,0.0070943113207547169,1.019101,0.005415653225806452,18,-0.073970999999999953,0.74551199999999995,,,,77
Neither,1,106,0.31439299999999992,0.0098305121951219494,0.94622399999999995,0.002965971698113207,65,0.20092599999999994,-0.28958399999999995,0.40305099999999994,-0.299817,,78
Neither,1,123,0.82278600000000002,0.0066893170731707318,1.017774,0.0066893170731707318,0,0.64196000000000009,0.18082599999999993,,,,79
Neither,1,72,0.410385,-0.013898645833333334,0.85797699999999999,0.0056997916666666664,120,0.37901799999999997,-0.63576799999999989,,,,80
Type B,1,28,0.13585499999999995,-0.019528155555555555,0.86063999999999996,0.0048519642857142841,73,0.13585499999999995,-0.87876699999999996,,,,81
Neither,0,0,0.0,-0.0036984174757281555,0.40570000000000001,0,103,-0.226296,0.10362199999999999,-0.25826300000000002,0.066111000000000003,,82
Type A,1,12,0.0030119999999999036,-0.010646632183908046,0.98077499999999995,0.00025099999999999195,99,-0.90143100000000009,0.087844999999999993,,,,83
Type A,1,2,0.00019000000000002348,-0.0077545409836065581,0.98269700000000004,9.5000000000011742e-05,124,-0.94586400000000004,,,,,84
Type A,1,0,0.0,-0.00911433628318584,0.99669399999999997,0,113,-0.906057,-0.123863,,,,85
Type A,1,5,0.00634099999999993,-0.0092863137254901949,0.96131699999999998,0.001268199999999986,107,-0.75992800000000005,-0.18093500000000001,0.075671000000000002,,,86
Type A,1,0,0.0,-0.011338136986301371,0.89416300000000004,0,73,-0.82348399999999999,0.10863299999999999,,,,87
Type A,1,6,0.00011200000000000099,-0.0096943084112149532,0.99790699999999999,1.8666666666666831e-05,113,-0.90025599999999995,-0.13692300000000002,,,,88
Type A,1,6,0.0022539999999999782,-0.0092065981308411208,0.98028099999999996,0.00037566666666666304,113,-0.85987799999999992,-0.122974,,,,89
Type A,1,0,0.0,-0.0078179758064516134,1.0068509999999999,0,124,-0.93859499999999996,-0.030834,,,,90
Type A,1,0,0.0,-0.0079599919354838705,0.98148899999999994,0,124,-0.9127829999999999,0.11178500000000001,-0.18604100000000001,,,91
Type A,1,0,0.0,-0.014212739130434781,1.0068509999999999,0,69,-0.98067899999999997,0.056270000000000001,,,,92
Type A,1,8,0.0039830000000000698,-0.0092588988764044956,0.91467900000000002,0.00049787500000000873,97,-0.8063499999999999,,,,,93
Type A,1,0,0.0,-0.0074545916666666654,1.0010509999999999,0,120,-0.73835299999999993,0.10175699999999999,-0.25795499999999999,,,94
Type A,1,3,0.000196000000000085,-0.016062354838709679,0.98839600000000005,6.5333333333361665e-05,65,-0.99566999999999994,0.13190199999999999,,,,95
Type A,1,9,0.0016459999999999253,-0.014912716417910447,0.99057799999999996,0.00018288888888888058,76,-0.997506,0.085787000000000002,,,,96
Type A,1,3,0.00070899999999995966,-0.012018465909090909,0.98646999999999996,0.00023633333333331988,91,-1.056916,0.10350599999999999,,,,97
Type A,1,11,0.0023659999999999792,-0.010875144736842104,0.98585100000000003,0.00021509090909090721,87,-0.81126399999999999,0.10843700000000001,,,,98
Type A,1,13,0.015535999999999994,-0.01138840506329114,0.926257,0.0011950769230769226,92,-0.85972099999999996,0.15068500000000001,,,,99
Type A,1,15,0.0087949999999999973,-0.0097708415841584149,0.97742399999999996,0.00058633333333333313,116,-0.97629999999999995,0.125476,-0.12723600000000002,,,100
Type A,1,13,0.0035349999999999548,-0.009608067307692307,0.98767199999999999,0.00027192307692307347,117,-0.99180800000000002,0.128442,-0.13233800000000001,,,101
Type A,1,2,0.00015999999999993797,-0.016467915254237287,0.98941199999999996,7.9999999999968985e-05,61,-0.97144700000000006,0.16585100000000003,-0.10394100000000002,,,102
Type A,1,2,0.00031500000000006523,-0.010185397435897437,0.95557000000000003,0.00015750000000003261,80,-0.78392799999999996,0.13007199999999997,,,,103
Type A,1,8,0.00068199999999996042,-0.011122366666666666,0.98454900000000001,8.5249999999995052e-05,98,-0.98787900000000006,,,,,104
Type A,1,5,0.0017639999999999878,-0.01083591304347826,0.98673999999999995,0.00035279999999999757,97,-0.99513999999999991,0.067008999999999999,,,,105
Type A,1,0,0.0,-0.013065092105263156,0.98567499999999997,0,76,-0.99294699999999991,0.14116999999999999,,,,106
Type A,1,14,0.0069219999999999837,-0.013665253731343283,0.98005399999999998,0.00049442857142857025,81,-0.90864999999999996,,,,,107
Type A,1,0,0.0,-0.013065092105263156,0.98567499999999997,0,76,-0.99294699999999991,0.14116999999999999,,,,108
Type A,1,1,0.00011499999999997623,-0.012989333333333334,0.98204400000000003,0.00011499999999997623,79,-1.0105380000000002,0.23657,,,,109
Type A,1,0,0.0,-0.013420173913043478,0.98341800000000001,0,69,-0.92599200000000004,0.19792099999999999,,,,110
Type A,1,0,0.0,-0.013734742857142858,0.98590500000000003,0,70,-0.96143200000000006,0.32327499999999998,,,,111
Type A,1,9,5.3999999999998494e-05,-0.014070225352112675,0.98670899999999995,5.9999999999998324e-06,80,-0.99861899999999992,0.331872,,,,112
Type A,1,0,0.0,-0.013375623188405798,0.98034399999999999,0,69,-0.92291800000000002,0.19792099999999999,,,,113
Type A,1,0,0.0,-0.010060526881720431,0.989456,0,93,-0.93562900000000004,0.24228499999999997,,,,114
Type A,1,0,0.0,-0.015033281250000001,0.98590500000000003,0,64,-0.96213000000000004,0.345584,,,,115
Type A,1,0,0.0,-0.013375623188405798,0.98034399999999999,0,69,-0.92291800000000002,0.19792099999999999,,,,116
Type A,1,3,0.00069500000000000117,-0.015903633333333334,0.97613499999999997,0.00023166666666666705,63,-0.95352300000000001,0.50498100000000001,,,,117
Type A,1,19,0.027901000000000065,-0.015789355932203392,0.92835900000000005,0.0014684736842105297,78,-0.903671,0.29675000000000001,,,,118
Type A,1,12,0.004569999999999963,-0.010762088888888889,0.97806599999999999,0.00038083333333333025,102,-0.94691000000000003,,,,,119
Type A,1,10,0.0050470000000000237,-0.017509075471698114,0.97145800000000004,0.00050470000000000235,63,-0.92293400000000003,0.15213700000000002,-0.119411,,,120
Type A,1,0,0.0,-0.009248424242424242,0.92030900000000004,0,99,-0.91559400000000002,,,,,121
Type A,1,5,0.00011300000000002974,-0.013539600000000001,0.98930600000000002,2.260000000000595e-05,75,-0.93320000000000003,0.062738000000000002,-0.056092000000000003,,,122
Type A,1,4,0.0024210000000000065,-0.012943157894736842,0.98329900000000003,0.00060525000000000162,80,-0.98125899999999999,0.257461,,,,123
Type A,1,0,0.0,-0.015303920634920636,0.98668500000000003,0,63,-0.96414700000000009,0.32094800000000001,-0.123364,,,124
Type A,1,7,0.0032880000000000686,-0.0084424786324786335,0.98992800000000003,0.00046971428571429552,124,-0.95017200000000002,0.055070999999999995,-0.089380999999999988,,,125
Type A,1,8,0.0018940000000000623,-0.01287071052631579,0.99399800000000005,0.00023675000000000779,84,-0.97628000000000004,0.088631000000000001,,,,126
Type A,1,0,0.0,-0.0099389892473118278,0.99314400000000003,0,93,-0.85852300000000004,-0.065802999999999987,0.15276600000000001,,,127
Type A,1,13,0.0053320000000000034,-0.01411342372881356,0.95518599999999998,0.00041015384615384644,72,-0.82735999999999998,0.13955400000000001,-0.068247000000000002,,,128
Type A,1,2,0.00010900000000002574,-0.012781701298701299,0.99922800000000001,5.4500000000012871e-05,79,-0.98408200000000001,0.10177700000000001,,,,129
Type A,1,17,0.0080220000000000846,-0.0094899906542056083,0.98637600000000003,0.00047188235294118145,124,-1.0074069999999999,,,,,130
Type A,1,22,0.056790000000000007,-0.012171854838709679,0.92508900000000005,0.0025813636363636368,84,0.056790000000000007,-0.75465500000000008,0.061681999999999987,,,131
Type A,1,25,0.042923000000000044,-0.010541914634146341,0.89332100000000003,0.0017169200000000018,107,-0.82151399999999997,,,,,132
Type A,1,0,0.0,-0.0092278157894736847,0.99987700000000002,0,114,-1.051971,,,,,133
Type A,1,21,0.0010270000000000001,-0.0121105,0.98392999999999997,4.8904761904761908e-05,95,-0.84134399999999998,-0.053805999999999993,,,,134
Type A,1,0,0.0,-0.0077734018691588786,0.88747200000000004,0,107,-0.73688500000000001,0.10768200000000003,-0.20255100000000004,0.078227000000000019,,135
Type A,1,0,0.0,-0.0069678227848101277,0.79403900000000005,0,79,-0.22664200000000001,-0.32311600000000007,0.52604400000000007,,,136
Type A,1,0,0.0,-0.019535181818181816,0.89717599999999997,0,44,-0.85954799999999998,0.50331599999999999,-0.45435199999999998,,,137
Type A,1,10,0.00088400000000010692,-0.013473062499999999,1.019066,8.8400000000010687e-05,90,-1.0769609999999998,0.46959300000000004,,,,138
Type A,1,17,0.010225999999999957,-0.010446279569892473,0.97654799999999997,0.00060152941176470334,110,-0.96127799999999997,0.079075000000000006,,,,139
Type A,1,14,0.0044009999999999883,-0.013869714285714286,0.98751900000000004,0.00031435714285714199,91,-1.059993,0.15174599999999999,,,,140
Type B,1,49,0.17379100000000003,-0.011481213333333334,0.90079200000000004,0.0035467551020408167,124,0.17379100000000003,-0.86109100000000005,,,,141
Type A,1,10,0.025201999999999947,-0.0073490957446808508,0.675346,0.0025201999999999946,104,-0.66561300000000001,0.11467999999999999,,,,142
Type A,1,2,0.00080899999999994865,-0.0084228495575221236,0.98880299999999999,0.00040449999999997432,115,-0.95097300000000007,,,,,143
Type A,1,1,9.8999999999960231e-05,-0.0063149186991869914,0.94170100000000001,9.8999999999960231e-05,124,-0.54336300000000004,0.40096399999999999,-0.63423699999999994,,,144
Type A,1,7,0.0008359999999999479,-0.0072364700854700851,1.000362,0.00011942857142856398,124,-0.68963300000000005,-0.15619799999999998,,,,145
Type A,1,24,0.023434999999999984,-0.016509362068965517,0.99985800000000002,0.00097645833333333265,82,-0.93410800000000005,0.20144600000000001,,,,146
Type A,1,3,0.0012210000000000276,-0.0079248099173553719,0.97296300000000002,0.00040700000000000919,124,-0.44750999999999996,-0.51017100000000004,,,,147
Type A,1,0,0.0,-0.015194710144927537,1.005924,0,69,-1.048435,0.26325700000000002,-0.064629999999999993,,,148
Type B,1,95,0.75281799999999999,0.0092184117647058812,0.85084899999999997,0.0079243999999999998,10,0.74465199999999998,-0.531331,,,,149
Type A,1,3,0.0035840000000000316,-0.012704935483870968,0.90663199999999999,0.0011946666666666772,65,-0.78412199999999999,0.13123300000000002,-0.06681200000000001,,,150
Type A,1,0,0.0,-0.011474012345679012,0.98111199999999998,0,81,-0.92939499999999997,,,,,151
Type A,1,0,0.0,-0.016205444444444442,0.96732099999999999,0,63,-1.0209429999999999,0.26032299999999997,-0.16156999999999999,,,152
Type A,1,0,0.0,-0.0077265725806451614,0.99617100000000003,0,124,-0.92791500000000005,-0.030179999999999998,,,,153
Type A,1,0,0.0,-0.0098777204301075273,0.94608099999999995,0,93,-0.918628,0.38506800000000002,,,,154
Type A,1,24,0.01437300000000008,-0.013414493333333333,0.99984700000000004,0.00059887500000000338,99,-0.99171399999999998,0.065686999999999995,,,,155
Type A,1,2,0.0016899999999999693,-0.0085614166666666668,0.62905299999999997,0.00084499999999998465,74,-0.61473200000000006,0.084633,,,,156
Type A,1,0,0.0,-0.0083969122807017547,0.989873,0,114,-0.80709799999999998,0.14505900000000002,-0.295209,,,157
Type A,1,30,0.042281000000000013,-0.011283037037037038,0.99175999999999997,0.0014093666666666672,111,-0.85375499999999993,0.081525999999999987,,,,158
Type A,1,0,0.0,-0.0086323333333333321,0.96248199999999995,0,87,-0.53350399999999998,-0.21750900000000004,0.38293100000000002,,,159
Type A,1,22,0.055424999999999947,-0.0069637653061224488,0.85750199999999999,0.0025193181818181794,120,0.055424999999999947,-0.65382099999999999,,,,160
Type A,1,5,0.0036220000000000141,-0.009740663043478261,0.96621199999999996,0.00072440000000000286,97,-0.865456,0.177757,,,,161
Type A,1,4,0.000212000000000101,-0.012413942528735634,1.014394,5.3000000000025249e-05,91,-1.0790709999999999,0.087367,,,,162
Type A,1,3,0.00056899999999993067,-0.010417060240963855,0.92095099999999996,0.00018966666666664356,86,-0.86404700000000001,0.19083800000000001,,,,163
Type A,1,0,0.0,-0.016610564516129033,0.97889400000000004,0,62,-1.029855,,,,,164
Type A,1,7,0.0028390000000000359,-0.0094796324786324791,1.0205200000000001,0.00040557142857143368,124,-0.050912000000000068,-1.055366,,,,165
Type A,1,12,0.0072560000000001512,-0.0093365643564356452,1.0104740000000001,0.00060466666666667923,113,-0.833534,-0.096558000000000005,,,,166
Type A,1,24,0.013732000000000077,-0.020737943396226418,1.0157080000000001,0.00057216666666666993,77,-1.0853790000000001,0.20771200000000001,,,,167
Type A,1,1,3.3000000000060759e-05,-0.009188415094339623,0.99609400000000003,3.3000000000060759e-05,107,-0.7145109999999999,0.15701699999999996,-0.41644500000000001,0.13125599999999998,,168
Type A,1,11,0.0030730000000001034,-0.010260235294117646,1.009714,0.00027936363636364578,113,-1.0066889999999999,,,,,169
Type A,1,4,0.0023640000000000327,-0.0071252666666666671,0.992178,0.00059100000000000819,124,-0.70120800000000005,0.13390100000000005,-0.14987600000000001,-0.13548500000000002,,170
Type A,1,0,0.0,-0.014357984375000001,0.90876900000000005,0,64,-0.91891100000000003,0.15414900000000001,,,,171
Type A,1,22,0.017284000000000077,-0.010479367346938774,0.97935300000000003,0.00078563636363636715,120,-0.95812799999999998,-0.051566000000000001,,,,172
Type A,1,6,0.0035370000000000124,-0.013068987341772153,0.993425,0.00058950000000000202,85,-1.028913,0.60676200000000002,,,,173
Type A,1,0,0.0,-0.014612780821917807,0.99537200000000003,0,73,-1.0667329999999999,0.19057499999999999,,,,174
Type A,1,0,0.0,-0.010150427083333333,1.004035,0,96,-0.974441,0.115773,,,,175
Type A,1,21,0.015971000000000068,-0.008418339805825242,0.97586300000000004,0.00076052380952381282,124,-0.83945199999999998,0.099726999999999996,-0.11139300000000001,,,176
Type A,1,2,0.00014599999999997948,-0.0092435858585858573,0.96692199999999995,7.299999999998974e-05,101,-0.83798299999999992,-0.076985999999999999,,,,177
Type A,1,0,0.0,-0.0062533626373626377,0.63427299999999998,0,91,-0.242531,-0.32652499999999995,0.16217899999999999,,,178
Type A,1,41,0.054738000000000064,-0.0064585542168674693,0.88074200000000002,0.0013350731707317089,124,0.054738000000000064,-0.35561399999999999,0.093142999999999976,-0.27358900000000003,,179
Type A,1,23,0.00067899999999987415,-0.0092996534653465336,1.0006189999999999,2.952173913042931e-05,124,-0.82612100000000011,-0.11246500000000001,,,,180
Type A,1,22,0.0038469999999999338,-0.010253823529411765,0.99864799999999998,0.00017486363636363335,107,-0.81667400000000001,-0.051054000000000016,,,,181
Type A,1,6,0.0053980000000001249,-0.019908840000000004,1.0007490000000001,0.00089966666666668749,56,-0.99004400000000004,0.135798,,,,182
Type A,1,0,0.0,-0.0070414516129032262,0.95350800000000002,0,124,-0.57723199999999997,-0.295908,,,,183
Type A,1,0,0.0,-0.018610555555555554,0.997174,0,45,-0.83747499999999997,0.71893999999999991,-0.51472999999999991,,,184
Type A,1,30,0.028128000000000042,-0.012291650793650794,0.744614,0.00093760000000000143,93,-0.74184899999999998,0.237895,,,,185
Type A,1,3,0.0039590000000000458,-0.007541957983193277,0.93591400000000002,0.0013196666666666819,122,-0.89353399999999994,,,,,186
Type A,1,0,0.0,-0.0079765645161290321,1.010686,0,124,-0.48395999999999995,-0.50513399999999997,,,,187
Type A,1,26,0.012736999999999998,-0.0091858877551020419,0.99702000000000002,0.00048988461538461534,124,-0.87174300000000005,0.20769400000000002,-0.22343100000000002,,,188
Type A,1,4,0.0009200000000000319,-0.0087987142857142847,1.002068,0.00023000000000000798,109,-0.84597499999999992,-0.042160000000000003,0.06803300000000001,,,189
Type A,1,1,2.6999999999999247e-05,-0.014378161764705882,0.96216000000000002,2.6999999999999247e-05,69,-0.97586600000000001,0.106421,,,,190
Type A,1,0,0.0,-0.0067079435483870971,0.99110699999999996,0,124,-0.57191299999999989,-0.231019,,,,191
Type A,1,13,0.0024200000000000887,-0.010920806818181819,1.0014890000000001,0.00018615384615385298,101,-0.94314999999999993,0.18007500000000001,,,,192
Type A,1,1,0.00047200000000002795,-0.0056851212121212117,0.53013399999999999,0.00047200000000002795,100,-0.49844099999999997,0.11008899999999999,-0.17400299999999999,0.057297000000000001,,193
Type A,1,0,0.0,-0.015918730769230768,0.92641099999999998,0,52,-0.82777400000000001,0.29395199999999999,-0.098615000000000008,,,194
Type A,1,0,0.0,-0.011871153846153847,0.98622200000000004,0,91,-1.0802750000000001,0.34634300000000001,,,,195
Type A,1,0,0.0,-0.01180178947368421,0.89317899999999995,0,76,-0.89693599999999996,0.079791000000000001,0.10826799999999999,,,196
Type A,1,11,0.0076689999999999259,-0.019708416666666666,0.99377899999999997,0.00069718181818181142,59,-0.93833500000000003,0.11093499999999999,-0.073566999999999994,,,197
Type A,1,4,0.0017499999999999183,-0.0089596055045871557,1.009285,0.00043749999999997957,113,-0.57644899999999999,-0.39839800000000003,,,,198
Type A,1,4,0.0013400000000000079,-0.008925683760683761,0.99095500000000003,0.00033500000000000196,121,-0.85831100000000005,-0.18465400000000001,,,,199
Type A,1,0,0.0,-0.0088755049504950483,0.89315299999999997,0,101,-0.86666900000000002,0.108903,-0.13866000000000001,0.063564999999999997,,200
Type A,1,38,0.034356000000000053,-0.012853539473684212,1.0052490000000001,0.00090410526315789618,114,-0.86461500000000002,-0.077897999999999995,,,,201
Type A,1,7,0.017283999999999966,-0.013983475409836065,0.861927,0.0024691428571428525,68,-0.83570800000000001,0.095404000000000003,0.108306,,,202
Type A,1,3,0.0024260000000000392,-0.016518137931034484,0.98358299999999999,0.00080866666666667975,61,-0.95562599999999998,0.10769200000000001,,,,203
Type A,1,0,0.0,-0.0079134596774193544,1.00406,0,124,-0.98126899999999995,,,,,204
Type A,1,0,0.0,-0.006321566666666667,0.82166700000000004,0,120,-0.74667900000000009,0.125221,-0.13713,,,205
Type A,1,21,0.015076000000000089,-0.013586600000000001,0.99876200000000004,0.00071790476190476617,91,-0.93598599999999998,0.099797999999999998,,,,206
Type A,1,8,0.0073919999999999542,-0.0076434912280701752,0.94607399999999997,0.00092399999999999427,122,-0.86202100000000004,0.29586299999999999,-0.29780800000000002,,,207
Type A,1,2,0.00042000000000008697,-0.010891363636363637,0.97154700000000005,0.00021000000000004349,90,-0.95801999999999998,,,,,208
Type A,1,12,0.0011759999999999549,-0.014386313432835821,0.96838599999999997,9.7999999999996243e-05,79,-0.96270699999999998,0.068118000000000012,,,,209
Type A,1,88,0.0098020000000000884,-0.01811327777777778,0.96551600000000004,0.00011138636363636464,124,-0.25739599999999996,0.26719800000000005,-0.65207800000000005,,,210
Type A,1,0,0.0,-0.0070661935483870963,0.93564400000000003,0,124,-0.81688400000000005,-0.059324000000000002,,,,211
Type A,1,0,0.0,-0.0077022211538461532,0.95300399999999996,0,104,-0.79064699999999999,0.105131,,,,212
Type A,1,0,0.0,-0.0095939626168224292,1.018856,0,107,-0.94447199999999998,-0.081145000000000009,0.058609999999999995,,,213
Type A,1,0,0.0,-0.0057856290322580647,0.67830599999999996,0,124,-0.17756899999999998,-0.53742000000000001,,,,214
Type A,1,18,0.0055279999999999774,-0.017185377049180328,0.988645,0.00030711111111110984,79,-1.04278,0.59478200000000003,,,,215
Type A,1,1,1.4999999999987246e-05,-0.01556721875,0.98280400000000001,1.4999999999987246e-05,65,-0.99628700000000003,0.26333299999999998,,,,216
Type B,1,29,0.15708900000000003,-0.010496469696969697,0.79865600000000003,0.0054168620689655188,95,0.15708900000000003,-0.68351400000000007,,,,217
Type B,1,32,0.17792399999999997,-0.01120906,0.77820999999999996,0.0055601249999999991,82,0.13119800000000004,-0.499004,0.077165999999999985,,,218
Type A,1,39,0.11879999999999991,-0.018512116279069766,0.87667799999999996,0.0030461538461538438,82,0.11879999999999991,-0.79602099999999998,0.11448999999999998,,,219
Type A,1,45,0.12198699999999996,-0.010225987179487179,0.89121600000000001,0.0027108222222222214,123,0.12198699999999996,-0.79762699999999997,,,,220
Type B,1,44,0.23455000000000004,-0.011809961538461538,0.98638000000000003,0.0053306818181818186,122,0.23455000000000004,-0.83279500000000006,-0.088382000000000002,,,221
Type A,1,77,0.056949999999999945,-0.015674468085106381,0.82234399999999996,0.0007396103896103889,124,-0.20815099999999997,0.26510099999999992,-0.73669999999999991,,,222
Type A,1,0,0.0,-0.0075518119658119654,0.98611899999999997,0,117,-0.749444,-0.13411800000000001,,,,223
Type A,1,0,0.0,-0.010574277108433734,0.96067199999999997,0,83,-0.87766499999999992,,,,,224
Type A,1,8,0.0077920000000000211,-0.010807862499999999,0.926566,0.00097400000000000264,88,-0.85683699999999996,0.50238499999999997,,,,225
Type A,1,16,0.0059020000000000739,-0.0099898947368421056,1.0050760000000001,0.00036887500000000462,111,-0.93243200000000004,0.099063000000000012,,,,226
Type A,1,13,0.0064939999999999998,-0.0094626730769230769,0.97214699999999998,0.00049953846153846153,117,-0.97762399999999994,,,,,227
Type A,1,0,0.0,-0.0074815161290322577,1.027822,0,124,-0.91949100000000006,-0.0082170000000000021,,,,228
Type A,1,4,0.0015140000000000153,-0.0099097477477477474,0.98547300000000004,0.00037850000000000383,115,-0.98321999999999998,0.093284999999999993,-0.208533,,,229
Type B,1,26,0.22233099999999995,-0.013203712121212121,0.88370599999999999,0.0085511923076923048,92,0.22233099999999995,-0.84519500000000003,0.082724999999999993,,,230
Type B,1,50,0.40761799999999992,-0.010157756756756757,0.99206799999999995,0.0081523599999999991,124,0.40761799999999992,-0.68515999999999999,-0.066514000000000018,,,231
Type B,1,89,0.96174799999999994,0.011077862068965516,0.99198299999999995,0.010806157303370785,2,0.96174799999999994,-0.7119899999999999,,,,232
Type B,1,32,0.33808000000000005,-0.0054748804347826089,0.69538900000000003,0.010565000000000001,124,0.33808000000000005,-0.37971100000000002,-0.123978,,,233
Type B,1,88,0.31510899999999997,-0.024838027777777778,1.029029,0.0035807840909090906,124,-0.340086,0.65519499999999997,-0.89416899999999999,,,234
Type B,1,67,0.59323100000000006,-0.014954982456140352,0.89882700000000004,0.0088541940298507479,124,0.59323100000000006,-0.85243400000000003,,,,235
Type B,1,61,0.80646700000000004,0.01322077049180328,0.78737000000000001,0.01322077049180328,0,0.80646700000000004,-0.80331300000000005,,,,236
Type B,1,51,0.58945099999999995,-0.015724775862068965,0.95486599999999999,0.011557862745098037,109,0.58945099999999995,-0.91203699999999999,,,,237
Type B,1,69,0.45255899999999993,-0.0097625818181818185,0.67414399999999997,0.0065588260869565203,124,0.44988499999999998,-0.53426799999999997,,,,238
Type B,1,29,0.28466499999999995,-0.0089286000000000001,0.90827999999999998,0.0098160344827586191,124,0.28466499999999995,-0.748386,-0.099831000000000003,,,239
Type B,1,46,0.83788600000000002,-0.017030254901960785,0.980217,0.018214913043478262,97,0.83788600000000002,-0.86854300000000006,,,,240
Type B,1,86,0.91856800000000005,0.012772863013698631,1.0043740000000001,0.010681023255813955,13,0.91742799999999991,-0.62992799999999993,,,,241
Type B,1,50,0.21970499999999998,-0.0082454727272727266,0.60975299999999999,0.0043940999999999997,105,-0.144844,0.36454900000000001,-0.43272999999999995,0.11418700000000001,,242
Type B,1,78,0.81734899999999999,0.010926013333333333,0.93518699999999999,0.010478833333333333,3,0.81734899999999999,-0.78378700000000001,,,,243
Type B,1,53,0.52086200000000005,-0.012372070422535211,0.97453100000000004,0.0098275849056603786,124,0.52086200000000005,-0.878417,,,,244
Type B,1,59,0.644872,0.013488882352941177,0.77290999999999999,0.010930033898305085,8,0.644872,-0.64600400000000002,,,,245
Type B,1,67,0.91025600000000007,-0.016006157894736844,0.95192100000000002,0.013585910447761196,124,0.91025600000000007,-0.91235100000000002,,,,246
Type B,1,47,0.44672999999999996,-0.012655519480519479,1.0069619999999999,0.0095048936170212765,124,0.44672999999999996,-0.97447499999999987,,,,247
Type B,1,53,0.36889499999999997,0.006960283018867924,0.69227799999999995,0.006960283018867924,0,0.30578000000000005,-0.17517200000000005,0.068066000000000015,,,248
Type B,1,65,0.21432999999999996,-0.011729717948717947,0.58257999999999999,0.0032973846153846148,104,0.16365599999999997,-0.40678499999999995,0.10372899999999999,,,249
Type B,1,28,0.11969200000000002,-0.011422454545454545,0.96524799999999999,0.0042747142857142862,105,0.11969200000000002,-0.87952900000000001,,,,250
Type B,1,62,0.51832100000000003,-0.018518088888888888,0.957901,0.0083600161290322585,107,-0.20724000000000004,0.72556100000000001,-0.833314,,,251
Type B,1,71,0.40479999999999994,-0.016125,0.95801499999999995,0.0057014084507042246,124,-0.19467100000000004,0.59947099999999998,-0.85462499999999997,,,252
Type B,1,65,0.21432999999999996,-0.011694871794871794,0.58257999999999999,0.0032973846153846148,104,0.16365599999999997,-0.40542599999999995,0.12007299999999999,,,253
Type B,1,56,0.78077799999999997,0.016720729166666667,0.93020000000000003,0.013942464285714285,8,0.78077799999999997,-0.79963200000000001,,,,254
Type B,1,85,0.78751499999999997,0.010241177215189873,0.89570099999999997,0.0092648823529411766,6,0.75283299999999997,-0.27861000000000002,,,,255
Type B,1,51,0.58091099999999996,-0.011896235294117647,0.98950499999999997,0.011390411764705882,119,0.58091099999999996,-0.78669499999999992,-0.022248999999999991,,,256
Type B,1,55,0.50972400000000007,-0.0083326811594202892,0.71214100000000002,0.0092677090909090917,124,0.50972400000000007,-0.57495499999999999,,,,257
Type B,1,49,0.080879999999999952,-0.012173293333333333,0.97394199999999997,0.0016506122448979581,124,0.080079000000000011,-0.91219600000000001,,,,258
Type A,1,19,0.022700000000000053,-0.0090942857142857145,0.99970000000000003,0.001194736842105266,124,-0.93220000000000003,,,,,259
Type A,1,7,0.00073100000000003718,-0.0083597719298245613,1.0180640000000001,0.00010442857142857674,121,-0.94488900000000009,0.067531999999999995,-0.074925999999999993,,,260
Type A,1,0,0.0,-0.017721766666666663,1.0172049999999999,0,60,-1.0633059999999999,0.098265000000000005,,,,261
Type A,1,0,0.0,-0.0078949435483870959,1.0178389999999999,0,124,-0.81342999999999988,0.053356999999999988,-0.21889999999999998,,,262
Type A,1,0,0.0,-0.0078949435483870959,1.0178389999999999,0,124,-0.7818719999999999,-0.19710100000000003,,,,263
Type A,1,3,0.00039999999999995595,-0.017514285714285715,0.99809999999999999,0.00013333333333331865,59,-0.98040000000000005,0.1734,-0.0504,,,264
Type A,1,3,0.0010000000000000009,-0.0076611570247933887,0.98999999999999999,0.00033333333333333365,124,-0.83860000000000001,-0.087400000000000005,,,,265
Type A,1,6,0.0043999999999999595,-0.005992372881355932,0.82169999999999999,0.00073333333333332662,124,-0.64280000000000004,-0.059899999999999995,,,,266
Type A,1,0,0.0,-0.0094326173913043473,1.0616909999999999,0,115,-1.084751,,,,,267
Type A,1,0,0.0,-0.012874294871794874,1.0054350000000001,0,78,-1.0041950000000002,0.099670999999999996,,,,268
Type A,1,0,0.0,-0.012821923076923078,1.0054350000000001,0,78,-1.0001100000000001,0.079986000000000002,,,,269
Type A,1,10,0.013000000000000012,-0.0075956140350877197,0.94450000000000001,0.0013000000000000012,124,-0.42030000000000001,-0.24390000000000001,-0.18869999999999998,,,270
Type A,1,10,0.013000000000000012,-0.0073210526315789478,0.94450000000000001,0.0013000000000000012,124,-0.42030000000000001,-0.24390000000000001,-0.15739999999999998,,,271
Type A,1,10,0.013000000000000012,-0.0075956140350877197,0.94450000000000001,0.0013000000000000012,124,-0.71650000000000003,-0.13639999999999999,,,,272
Type A,1,0,0.0,-0.0093567010309278352,0.90880000000000005,0,97,-0.90480000000000005,0.12870000000000001,,,,273
Type A,1,0,0.0,-0.010773809523809522,0.90659999999999996,0,84,-0.90259999999999996,0.087599999999999997,,,,274
Type A,1,0,0.0,-0.0075266129032258069,0.98719999999999997,0,124,-0.93330000000000002,,,,,275
Type B,1,82,0.8266,0.013814285714285715,0.99990000000000001,0.010080487804878049,19,0.82550000000000001,-0.085600000000000009,,,,276
Neither,0,108,0.1048,0.0026329411764705883,0.2732,0.00097037037037037046,23,-0.11899999999999999,0.16869999999999999,-0.064299999999999996,0.11940000000000001,-0.082400000000000001,277
Type A,1,0,0.0,-0.0095835164835164841,0.96530000000000005,0,91,-0.8721000000000001,0.065099999999999991,,,,278
Type A,1,0,0.0,-0.007512096774193548,0.95320000000000005,0,124,-0.9083,-0.023200000000000002,,,,279
Type A,1,0,0.0,-0.0072637096774193543,0.9224,0,124,-0.83579999999999999,-0.064899999999999999,,,,280
Type B,1,57,0.64729999999999999,-0.012183582089552239,0.98570000000000002,0.011356140350877193,124,0.64729999999999999,-0.81420000000000003,,,,281
Type B,1,29,0.14090000000000003,-0.013629411764705883,0.85460000000000003,0.0048586206896551734,80,0.14090000000000003,-0.69510000000000005,0.42180000000000006,,,282
Type B,1,29,0.14090000000000003,-0.013629411764705883,0.85460000000000003,0.0048586206896551734,80,0.14090000000000003,-0.69510000000000005,0.42180000000000006,,,283
Type A,1,12,0.0023999999999999577,-0.01350327868852459,0.8468,0.00019999999999999649,73,-0.82130000000000003,0.14679999999999999,,,,284
Type A,1,6,0.0020999999999999908,-0.015356907692307692,1.019509,0.00034999999999999848,71,-0.99609899999999996,0.06545200000000001,,,,285
Type B,1,57,0.4259,-0.016262962962962962,0.9083,0.0074719298245614039,111,0.4259,-0.87819999999999998,0.079399999999999998,,,286
Type B,1,106,0.61620000000000008,0.0070382022471910119,0.99580000000000002,0.005813207547169812,17,0.50390000000000001,0.11210000000000009,-0.45710000000000006,,,287
Type B,1,106,0.6169,0.0070460674157303369,0.99650000000000005,0.0058198113207547173,17,0.49889999999999995,0.11620000000000008,-0.45610000000000006,,,288
Type B,1,41,0.54289999999999994,-0.014760784313725491,0.9194,0.013241463414634145,92,0.54289999999999994,-0.40720000000000001,-0.34560000000000002,0.21640000000000001,,289
Type B,1,41,0.56000000000000005,-0.014671153846153846,0.9365,0.013658536585365855,93,0.56000000000000005,-0.76290000000000002,0.2291,,,290
Type B,1,50,0.8214999999999999,0.017129166666666664,0.93989999999999996,0.016429999999999997,2,0.8214999999999999,-0.42769999999999997,-0.34560000000000002,0.19510000000000002,,291
Type B,1,42,0.54899999999999993,-0.012883999999999998,0.90659999999999996,0.013071428571428571,92,0.54899999999999993,-0.39279999999999993,-0.25140000000000001,0.13069999999999998,,292
Type B,1,46,0.54329999999999989,-0.015275862068965515,0.95309999999999995,0.011810869565217388,104,0.54269999999999996,-0.88539999999999996,0.109,,,293
Type B,1,43,0.54039999999999999,-0.016500000000000001,0.93310000000000004,0.012567441860465116,98,0.54039999999999999,-0.90750000000000008,,,,294
Type A,1,22,0.017300000000000093,-0.018125925925925927,0.97940000000000005,0.00078636363636364059,76,-0.95819999999999994,,,,,295
Type A,1,0,0.0,-0.0090009090909090907,0.99439999999999995,0,110,-0.99009999999999998,,,,,296
Type A,1,6,0.0034999999999999476,-0.014607352941176471,0.99339999999999995,0.0005833333333333246,74,-0.98980000000000001,0.56759999999999999,,,,297
Type A,1,7,0.0047000000000000375,-0.012766666666666667,0.99980000000000002,0.00067142857142857683,82,-0.95279999999999998,0.20149999999999998,,,,298
Type A,1,0,0.0,-0.011485333333333332,0.89659999999999995,0,75,-0.86139999999999994,,,,,299
Neither,1,27,0.015800000000000036,-0.0051731958762886599,0.51880000000000004,0.00058518518518518652,124,-0.40349999999999997,0.13999999999999999,-0.22249999999999998,,,300
Neither,1,0,0.0,-0.0053467532467532473,0.52400000000000002,0,77,-0.35270000000000001,0.16980000000000001,-0.090900000000000036,,,301
Neither,0,124,0.0029999999999999749,0.0018247422680412371,0.17829999999999999,2.419354838709657e-05,27,-0.17400000000000002,0.086000000000000007,,,,302
Type A,1,28,0.0020999999999999908,-0.018782352941176469,0.95950000000000002,7.4999999999999668e-05,79,-0.95579999999999998,0.23220000000000002,,,,303
Type A,1,28,0.0020999999999999908,-0.018386538461538461,0.95950000000000002,7.4999999999999668e-05,80,-0.95400000000000007,0.23040000000000002,,,,304
Neither,0,0,0.0,-0.0046563106796116503,0.47999999999999998,0,103,-0.44679999999999997,0.29259999999999997,,,,305
Type A,1,15,0.021499999999999964,-0.0082449541284403682,0.94440000000000002,0.0014333333333333309,124,-0.8548,,,,,306
Neither,1,25,0.056900000000000062,-0.0062228915662650612,0.51870000000000005,0.0022760000000000024,108,0.056900000000000062,-0.51140000000000008,0.061100000000000002,,,307
Neither,1,0,0.0,-0.0092571428571428579,0.59440000000000004,0,56,-0.46140000000000003,-0.057000000000000009,0.1411,-0.072899999999999993,,308
Type A,1,19,0.00099899999999997213,-0.0099942325581395351,0.944909,5.2578947368419583e-05,105,-0.85850500000000007,0.069389999999999993,,,,309
Type A,1,18,0.0035999999999999366,-0.010644565217391305,0.98009999999999997,0.00019999999999999649,110,-0.96930000000000005,0.1129,,,,310
Type A,1,0,0.0,-0.022929999999999999,0.91920000000000002,0,40,-0.91720000000000002,0.15010000000000001,0.11299999999999999,,,311
Type B,1,69,0.27229999999999999,-0.010969090909090908,0.99980000000000002,0.003946376811594203,124,0.27229999999999999,-0.60329999999999995,,,,312
Type A,1,29,0.0074000000000000732,-0.010023157894736843,0.99370000000000003,0.00025517241379310597,124,-0.9375,0.095199999999999979,-0.10249999999999998,,,313
Type B,1,69,0.27229999999999999,-0.010969090909090908,0.99980000000000002,0.003946376811594203,124,0.27229999999999999,-0.60329999999999995,,,,314
Type A,1,19,0.013000000000000012,-0.0089628571428571422,0.97709999999999997,0.00068421052631579009,124,-0.89039999999999997,0.1095,-0.1472,,,315
Neither,1,104,0.51290000000000002,0.0065797619047619042,0.60260000000000002,0.0049317307692307698,20,0.21600000000000003,-0.062500000000000028,0.35940000000000005,-0.20540000000000003,,316
Type B,1,36,0.38863199999999998,-0.0077399102564102559,0.65168499999999996,0.010795333333333332,114,0.38863199999999998,-0.59654099999999999,,,,317
Type A,1,0,0.0,-0.010008695652173914,0.94610000000000005,0,92,-0.92080000000000006,0.32769999999999999,,,,318
Type A,1,0,0.0,-0.0099847826086956522,0.94610000000000005,0,92,-0.91860000000000008,0.38499999999999995,,,,319
Type A,1,0,0.0,-0.0098913978494623665,0.94610000000000005,0,93,-0.91990000000000005,0.34549999999999997,,,,320
Type A,1,0,0.0,-0.010157608695652175,0.94610000000000005,0,92,-0.93450000000000011,0.32240000000000002,,,,321
Type A,1,0,0.0,-0.0099847826086956522,0.94610000000000005,0,92,-0.91860000000000008,0.36829999999999996,,,,322
Type A,1,0,0.0,-0.010159340659340661,0.94610000000000005,0,91,-0.9245000000000001,0.35189999999999999,,,,323
Type A,1,0,0.0,-0.009994565217391305,0.94610000000000005,0,92,-0.9195000000000001,0.37259999999999999,,,,324
Type A,1,0,0.0,-0.0096510638297872334,0.95120000000000005,0,94,-0.90720000000000001,0.30370000000000003,,,,325
Type A,1,0,0.0,-0.010013829787234042,0.94610000000000005,0,94,-0.94130000000000003,0.39209999999999995,,,,326
Type A,1,0,0.0,-0.010013829787234042,0.94610000000000005,0,94,-0.94130000000000003,0.40689999999999998,,,,327
Type A,1,20,0.033299999999999996,-0.0096836734693877546,0.98099999999999998,0.0016649999999999998,118,-0.91269999999999996,,,,,328
Type A,1,26,0.041799999999999948,-0.010798717948717949,0.99199999999999999,0.0016076923076923056,104,-0.7792,,,,,329
Type A,1,26,0.041799999999999948,-0.010096511627906977,0.99199999999999999,0.0016076923076923056,112,-0.81770000000000009,,,,,330
Neither,0,0,0.0,-0.0065088235294117657,0.25190000000000001,0,34,-0.22130000000000002,0.1416,-0.124,0.098299999999999998,,331
Neither,0,43,0.2016,-0.0031469696969696967,0.2094,0.0046883720930232554,109,0.2016,-0.076300000000000007,-0.13119999999999998,0.12669999999999998,,332
Type A,1,11,0.0044999999999999485,-0.0095096153846153837,0.99119999999999997,0.00040909090909090442,115,-0.98220000000000007,,,,,333
Type A,1,3,0.0010520000000000529,-0.0091439310344827579,1.001188,0.00035066666666668428,119,-0.83223899999999995,0.10801600000000003,-0.33542100000000002,,,334
Type A,1,0,0.0,-0.0077524193548387087,0.98719999999999997,0,124,-0.74970000000000003,0.1018,-0.31340000000000001,,,335
Type A,1,0,0.0,-0.0074981651376146794,0.85050000000000003,0,109,-0.7873,0.053999999999999992,,,,336
Type B,1,81,0.82630000000000003,0.013753968253968255,0.99960000000000004,0.010201234567901235,18,0.81850000000000001,-0.078600000000000003,,,,337
Type A,1,7,0.0022000000000000908,-0.013303125000000001,0.97840000000000005,0.00031428571428572728,71,-0.84919999999999995,0.21960000000000002,-0.078699999999999992,,,338
Type A,1,0,0.0,-0.018737692307692309,1.021555,0,52,-0.97436,,,,,339
Neither,0,122,0.024400000000000005,0.0020467391304347824,0.2288,0.00020000000000000004,30,-0.16389999999999999,0.11899999999999999,-0.059300000000000005,0.127,,340
Type A,1,0,0.0,-0.0051618644067796616,0.67090000000000005,0,118,-0.32050000000000006,0.093399999999999983,-0.28059999999999996,-0.10140000000000002,,341
Type B,1,34,0.17049999999999998,-0.011789830508474576,0.78820000000000001,0.0050147058823529411,93,0.071699999999999986,0.098799999999999999,-0.69420000000000004,,,342
Type B,1,0,0.0,-0.0070459677419354829,0.90449999999999997,0,124,-0.44939999999999997,0.39619999999999994,-0.8204999999999999,,,343
Type B,1,59,0.97470000000000001,0.018581132075471699,0.98699999999999999,0.016520338983050848,6,0.97470000000000001,-0.69819999999999993,0.055199999999999971,,,344
Type B,1,29,0.28480000000000005,-0.014133846153846155,0.99870000000000003,0.0098206896551724151,94,0.28480000000000005,-0.91870000000000007,0.19689999999999996,,,345
Type A,1,0,0.0,-0.010593333333333333,0.95620000000000005,0,90,-0.44300000000000006,-0.50490000000000002,0.24489999999999998,,,346
Type A,1,0,0.0,-0.0095835164835164841,0.96530000000000005,0,91,-0.44380000000000008,-0.42829999999999996,0.065099999999999991,,,347
Type A,1,10,0.0037040000000001516,-0.0090261403508771938,1.0152950000000001,0.00037040000000001518,124,-0.91008599999999995,0.090090999999999991,-0.20528099999999999,,,348
Type A,1,16,0.0051999999999999824,-0.0087352380952380945,0.98229999999999995,0.0003249999999999989,121,-0.90469999999999995,0.067600000000000007,-0.074900000000000008,,,349
Type A,1,5,0.0014000000000000679,-0.0075621848739495798,0.99770000000000003,0.00028000000000001358,124,-0.82030000000000003,0.061100000000000015,-0.13930000000000001,,,350
Type A,1,0,0.0,-0.017721766666666663,1.0172049999999999,0,60,-1.0633059999999999,0.091849,,,,351
Type A,1,0,0.0,-0.007512096774193548,0.95320000000000005,0,124,-0.86660000000000004,-0.064899999999999999,,,,352
Type A,1,3,0.0020000000000000018,-0.010230107526881721,0.95650000000000002,0.00066666666666666729,96,-0.94940000000000002,,,,,353
Type A,1,0,0.0,-0.0078196370967741954,1.0100150000000001,0,124,-0.77404800000000007,-0.19558700000000001,,,,354
Type A,1,5,0.0022199999999998887,-0.018013090909090909,1.010867,0.00044399999999997772,60,-0.98850000000000005,0.170538,-0.050340999999999997,,,355
Type B,1,57,0.64729999999999999,-0.012183582089552239,0.98570000000000002,0.011356140350877193,124,0.64729999999999999,-0.81420000000000003,,,,356
Type B,1,29,0.14090000000000003,-0.013115384615384616,0.85460000000000003,0.0048586206896551734,81,0.14090000000000003,-0.68200000000000005,0.40210000000000001,,,357
Type A,1,22,0.01419999999999999,-0.011212345679012345,0.91020000000000001,0.00064545454545454498,103,-0.89400000000000002,0.072499999999999995,,,,358
Type A,1,0,0.0,-0.0095028137254901963,1.006691,0,102,-0.96928700000000001,0.066644000000000009,,,,359
Type A,1,7,0.0098000000000000309,-0.0064692307692307697,0.84850000000000003,0.0014000000000000043,124,-0.73140000000000005,-0.015700000000000006,,,,360
Neither,1,0,0.0,-0.0059893617021276602,0.63680000000000003,0,94,-0.52500000000000002,0.1055,,,,361
Type B,1,54,0.49770000000000003,-0.012685714285714286,0.91920000000000002,0.0092166666666666664,124,0.49770000000000003,-0.88800000000000001,,,,362
Type A,1,0,0.0,-0.0094326173913043473,1.0616909999999999,0,115,-1.084751,,,,,363
Type A,1,19,0.022700000000000053,-0.0090942857142857145,0.99970000000000003,0.001194736842105266,124,-0.93220000000000003,,,,,364
Type A,1,0,0.0,-0.010128495238095239,1.036394,0,105,-1.0634920000000001,0.072209999999999996,,,,365
Type A,1,21,0.03510000000000002,-0.0077737864077669899,0.94889999999999997,0.0016714285714285724,124,-0.76319999999999988,0.10769999999999996,-0.11009999999999998,,,366
Type B,1,67,0.31469999999999998,-0.015775000000000001,0.84770000000000001,0.0046970149253731342,119,0.31469999999999998,-0.82030000000000003,,,,367
Type A,1,4,9.4000000000038497e-05,-0.016846285714285713,1.040699,2.3500000000009624e-05,60,-0.94329799999999997,0.74276299999999995,-0.28895899999999997,,,368
Type A,1,22,0.0046000000000000485,-0.0092117647058823533,0.99350000000000005,0.00020909090909091129,124,-0.93500000000000005,,,,,369
Type A,1,9,0.0059010000000001561,-0.01468069230769231,1.0336350000000001,0.00065566666666668405,74,-0.94834399999999996,0.34012699999999996,-0.18576999999999996,,,370
Type A,1,0,0.0,-0.01291496153846154,1.0054350000000001,0,78,-1.0073670000000001,0.10403800000000001,,,,371
Type A,1,12,0.0023999999999999577,-0.01350327868852459,0.8468,0.00019999999999999649,73,-0.82130000000000003,0.14679999999999999,,,,372
Type B,1,67,0.629,-0.017597872340425532,0.92220000000000002,0.0093880597014925366,114,0.24690000000000001,0.3821,-0.82710000000000006,0.054300000000000001,,373
Type B,1,57,0.4259,-0.016262962962962962,0.9083,0.0074719298245614039,111,0.4259,-0.87819999999999998,0.079399999999999998,,,374
Type B,1,106,0.61890000000000001,0.0070685393258426961,0.99850000000000005,0.005838679245283019,17,0.50279999999999991,0.1149,-0.4587,,,375
Type A,1,0,0.0,-0.008446319327731093,1.028322,0,119,-0.92219699999999993,-0.082914999999999989,,,,376
Type A,1,10,0.013000000000000012,-0.0073210526315789478,0.94450000000000001,0.0013000000000000012,124,-0.42030000000000001,-0.24390000000000001,-0.15739999999999998,,,377
Type A,1,5,0.00052699999999994418,-0.014876338461538461,1.012308,0.00010539999999998883,70,-0.96643500000000004,0.050562999999999997,,,,378
Type A,1,13,0.020700000000000052,-0.0076918918918918921,0.89270000000000005,0.0015923076923076963,124,-0.7258,-0.10730000000000001,,,,379
Neither,1,124,0.78150000000000008,0.0063024193548387106,0.90900000000000003,0.0063024193548387106,0,0.21910000000000002,0.49719999999999998,0.065200000000000036,,,380
Type B,1,26,0.15080000000000005,-0.0058193877551020413,0.9032,0.0058000000000000013,124,0.15080000000000005,-0.50570000000000004,0.39560000000000001,-0.46020000000000005,,381
Type A,1,6,0.0020999999999999908,-0.015356907692307692,1.019509,0.00034999999999999848,71,-0.99609899999999996,0.06545200000000001,,,,382
Type A,1,5,0.0045610000000000372,-0.008706899159663866,1.0185690000000001,0.00091220000000000743,124,-0.62270500000000006,0.080434999999999979,-0.48929,,,383
Type A,1,13,0.0035999999999999366,-0.015768852459016394,0.96309999999999996,0.00027692307692307207,74,-0.95830000000000004,0.18559999999999999,,,,384
Type A,1,0,0.0,-0.014293464788732396,1.0049060000000001,0,71,-1.0148360000000001,0.33025899999999997,,,,385
Type A,1,0,0.0,-0.013032894736842104,0.99119999999999997,0,76,-0.98780000000000001,0.10000000000000001,,,,386
Type A,1,0,0.0,-0.007277777777777778,0.78090000000000004,0,99,-0.71820000000000006,0.21769999999999998,-0.21999999999999997,0.1512,,387
